{
    "loss": 3.245685338973999,
    "accuracy": 0.667870044708252
}